,Fold,Accuracy,Performance
0,1,79.66101694915254,79.68612680477086
1,2,80.72818581293157,79.68612680477086
2,3,80.97928436911488,79.68612680477086
3,4,78.40552416823603,79.68612680477086
4,5,78.65662272441934,79.68612680477086
